y_sym,X_sym,period,start_date,end_date,beta,r2
NVDA,NQ,morning,20251001,20251022,1.3444216550007768,0.27814645607052
NVDA,NQ,day,20251001,20251022,1.4421697418811532,0.5201885108490751
NVDA,NQ,night,20251001,20251022,0.5002550099083607,0.125825869012735
TSLA,NQ,morning,20251001,20251022,1.2140766503678029,0.188453490038726
TSLA,NQ,day,20251001,20251022,1.703470905896097,0.3260893702765307
TSLA,NQ,night,20251001,20251022,0.4559764479887913,0.0636099112619035
HOOD,NQ,morning,20251001,20251022,1.0747098176636816,0.0709108519893539
HOOD,NQ,day,20251001,20251022,1.8692241756216448,0.3090413379395125
HOOD,NQ,night,20251001,20251022,0.2531083069017351,0.0036878977934798
INTC,NQ,morning,20251001,20251022,1.3175498955380291,0.0917376034429117
INTC,NQ,day,20251001,20251022,1.712403132312187,0.2584621585402332
INTC,NQ,night,20251001,20251022,0.3966664927957887,0.0172017238646574
PLTR,NQ,morning,20251001,20251022,1.2904148889340477,0.1872730059353502
PLTR,NQ,day,20251001,20251022,1.7885555335265448,0.402351877532366
PLTR,NQ,night,20251001,20251022,0.3314669213307128,0.020050791045887
COIN,NQ,morning,20251001,20251022,1.111619888303204,0.0907628268429573
COIN,NQ,day,20251001,20251022,1.8579328470339689,0.2879474667707639
COIN,NQ,night,20251001,20251022,0.110089767031758,0.0009253390773595
META,NQ,morning,20251001,20251022,0.4681236785386054,0.0400527593055293
META,NQ,day,20251001,20251022,0.9390661449513448,0.3321318093206853
META,NQ,night,20251001,20251022,0.3614902797111448,0.0371914515293778
AAPL,NQ,morning,20251001,20251022,0.6400652976149536,0.0911138742396857
AAPL,NQ,day,20251001,20251022,0.8123640853158247,0.3103295367308557
AAPL,NQ,night,20251001,20251022,0.4137934218983068,0.0500384935007151
MSFT,NQ,morning,20251001,20251022,0.4024811096952858,0.0369530126582744
MSFT,NQ,day,20251001,20251022,0.7414128623353516,0.3855471259503673
MSFT,NQ,night,20251001,20251022,0.2703000903936138,0.0230485404128859
ORCL,NQ,morning,20251001,20251022,0.8231177523128091,0.0531840729938043
ORCL,NQ,day,20251001,20251022,1.381073258277152,0.2243544122233112
ORCL,NQ,night,20251001,20251022,0.4807132947290681,0.0266362154189534
GOOGL,NQ,morning,20251001,20251022,0.8254167423832595,0.1245951922450564
GOOGL,NQ,day,20251001,20251022,0.9839107179970464,0.3215257219199169
GOOGL,NQ,night,20251001,20251022,0.6958470997141762,0.0602873103483851
AMZN,NQ,morning,20251001,20251022,0.661619726607541,0.0994292315951659
AMZN,NQ,day,20251001,20251022,1.008518724605236,0.4071293704418608
AMZN,NQ,night,20251001,20251022,0.3215713968236768,0.0298016493720709
AMD,NQ,morning,20251001,20251022,1.7132433183218103,0.1281170357622827
AMD,NQ,day,20251001,20251022,1.8885650171082784,0.3169571088233919
AMD,NQ,night,20251001,20251022,0.594365962416967,0.0416813321331468
COST,NQ,morning,20251001,20251022,0.7295007691736911,0.1179987281166737
COST,NQ,day,20251001,20251022,0.2122266492664975,0.0301634383304418
COST,NQ,night,20251001,20251022,0.1394941598780595,0.0020089846440245
NFLX,NQ,morning,20251001,20251022,0.1948484277990174,0.0035790043631771
NFLX,NQ,day,20251001,20251022,0.5983402020409299,0.1332592680525668
NFLX,NQ,night,20251001,20251022,2.0159032826228507,0.0468354375095203
CRCL,NQ,morning,20251001,20251022,0.9430087217578264,0.0346056529476626
CRCL,NQ,day,20251001,20251022,1.937170159978285,0.1900282115509836
CRCL,NQ,night,20251001,20251022,0.3629810901901493,0.0071209961027119
MSTR,NQ,morning,20251001,20251022,1.2585218909204687,0.0850326653401527
MSTR,NQ,day,20251001,20251022,1.7369930000815152,0.2745150756016608
MSTR,NQ,night,20251001,20251022,0.3225720298146195,0.0050894569819849
SNDK,NQ,morning,20251001,20251022,0.2724302101648028,0.0015736300309017
SNDK,NQ,day,20251001,20251022,1.4176531928481777,0.0975044245402988
SNDK,NQ,night,20251001,20251022,-0.4442405590563318,0.0035085223723255
MU,NQ,morning,20251001,20251022,1.333276711519171,0.0846930048236915
MU,NQ,day,20251001,20251022,1.7191561904804948,0.329609166474455
MU,NQ,night,20251001,20251022,-0.1595453851386319,0.0022304266290579
TSLA,BTC,morning,20251001,20251022,0.1133238911685127,0.0103382851611957
TSLA,BTC,day,20251001,20251022,0.4958456965421677,0.1020586261531476
TSLA,BTC,night,20251001,20251022,0.071193722938565,0.0103866698712249
NVDA,BTC,morning,20251001,20251022,0.153917596728202,0.0240156223925691
NVDA,BTC,day,20251001,20251022,0.3841375669841413,0.1312581726775412
NVDA,BTC,night,20251001,20251022,0.0055255187859173,0.0001209363488916
HOOD,BTC,morning,20251001,20251022,0.296427460647103,0.0307133204480921
HOOD,BTC,day,20251001,20251022,0.65235167627853,0.1454619448310725
HOOD,BTC,night,20251001,20251022,0.0728379158703032,0.0030627848137865
INTC,BTC,morning,20251001,20251022,0.1811579735629114,0.0112175317633108
INTC,BTC,day,20251001,20251022,0.4868843839359172,0.0804985488163134
INTC,BTC,night,20251001,20251022,0.0623668758797687,0.0030474397708305
PLTR,BTC,morning,20251001,20251022,0.1990906286768552,0.0277334810281415
PLTR,BTC,day,20251001,20251022,0.521836484155005,0.1256748452946499
PLTR,BTC,night,20251001,20251022,0.0222905397371635,0.0007678159669174
COIN,BTC,morning,20251001,20251022,0.4936194156666894,0.0987289835049748
COIN,BTC,day,20251001,20251022,0.8792655236622849,0.2469391913367035
COIN,BTC,night,20251001,20251022,0.1667138148112963,0.0232623415999091
META,BTC,morning,20251001,20251022,0.09168445326279,0.0068803766940003
META,BTC,day,20251001,20251022,0.2716588867875547,0.0976066643325898
META,BTC,night,20251001,20251022,0.0475559481220816,0.0061280290945282
AAPL,BTC,morning,20251001,20251022,0.1104623971015421,0.0140304414674807
AAPL,BTC,day,20251001,20251022,0.2136324082103727,0.0761571634195784
AAPL,BTC,night,20251001,20251022,0.0289947444276642,0.0020596345824305
MSFT,BTC,morning,20251001,20251022,0.0903364597572574,0.0091079969879432
MSFT,BTC,day,20251001,20251022,0.1839880169922783,0.0833902452341562
MSFT,BTC,night,20251001,20251022,0.0577806897123771,0.0095109610320913
ORCL,BTC,morning,20251001,20251022,0.0717333323337499,0.0022350030788534
ORCL,BTC,day,20251001,20251022,0.4008695240125529,0.0689359745603381
ORCL,BTC,night,20251001,20251022,0.1008316076947073,0.0107780228859126
GOOGL,BTC,morning,20251001,20251022,0.1226823502061232,0.0131154434188178
GOOGL,BTC,day,20251001,20251022,0.2725832550048696,0.0859590946014131
GOOGL,BTC,night,20251001,20251022,-0.0183162465142177,0.0006235846545846
AMZN,BTC,morning,20251001,20251022,0.0908041892982202,0.0103585457180702
AMZN,BTC,day,20251001,20251022,0.2731621169160621,0.1059947116461615
AMZN,BTC,night,20251001,20251022,0.0591024973587832,0.0097219042347128
AMD,BTC,morning,20251001,20251022,0.2199413361147514,0.0135450422179521
AMD,BTC,day,20251001,20251022,0.5304253757943317,0.0944070704904632
AMD,BTC,night,20251001,20251022,0.0163717810301697,0.0003034611874386
COST,BTC,morning,20251001,20251022,0.3872774420607215,0.1002824378380156
COST,BTC,day,20251001,20251022,0.0525600235892284,0.0062656360239201
COST,BTC,night,20251001,20251022,0.6134142432069334,0.0270826748881282
NFLX,BTC,morning,20251001,20251022,-0.0416813672655396,0.0005472765365583
NFLX,BTC,day,20251001,20251022,0.1656005448646872,0.035886215318386
NFLX,BTC,night,20251001,20251022,0.0960599793334078,0.0051382430599237
CRCL,BTC,morning,20251001,20251022,0.2525335672749085,0.0150904937252479
CRCL,BTC,day,20251001,20251022,0.7672863643723298,0.118783417220465
CRCL,BTC,night,20251001,20251022,0.1446303791133742,0.0106314656033844
MSTR,BTC,morning,20251001,20251022,0.7161160487715265,0.1848406571262172
MSTR,BTC,day,20251001,20251022,0.982114029775724,0.3250472424872597
MSTR,BTC,night,20251001,20251022,0.2103962146718813,0.0233396929154887
SNDK,BTC,morning,20251001,20251022,0.0111037307488812,1.4112395923415733e-05
SNDK,BTC,day,20251001,20251022,0.4153250337059994,0.0331130625940381
SNDK,BTC,night,20251001,20251022,0.1041213529508071,0.0032681977666659
MU,BTC,morning,20251001,20251022,0.1874998231427839,0.0098173863790382
MU,BTC,day,20251001,20251022,0.4971310808406093,0.1057898259564878
MU,BTC,night,20251001,20251022,0.0469725694025283,0.0019214229290709
LLY,NQ,morning,20251201,20260110,0.2512077401461289,0.0012003463152896
LLY,NQ,day,20251201,20260110,0.2579163431061661,0.0122211612737623
LLY,NQ,night,20251201,20260110,-0.3629865095935589,0.004139553927551
LLY,BTC,morning,20251201,20260110,-0.0739415567415656,0.0008428049310551
LLY,BTC,day,20251201,20260110,0.0435061235236123,0.0021919272231106
LLY,BTC,night,20251201,20260110,0.0795810515295304,0.0031669061454093
BABA,NQ,morning,20251201,20260110,0.3382179681340363,0.0081042778153752
BABA,NQ,day,20251201,20260110,0.7348605334827502,0.1611952188099176
BABA,NQ,night,20251201,20260110,-0.0030474379115265,1.201279844376124e-06
BABA,BTC,morning,20251201,20260110,0.0671236485596721,0.0027112531242121
BABA,BTC,day,20251201,20260110,0.1801804535111638,0.0602573839639446
BABA,BTC,night,20251201,20260110,-0.0286552282878526,0.0008456917207954
RIVN,NQ,morning,20251201,20260110,0.249139976840839,0.0015664643520717
RIVN,NQ,day,20251201,20260110,1.4368661106999008,0.0783381570956746
RIVN,NQ,night,20251201,20260110,0.6320078351208254,0.0065269501224251
RIVN,BTC,morning,20251201,20260110,0.0786821375453653,0.0013589387588951
RIVN,BTC,day,20251201,20260110,0.394963097159623,0.0371500494809479
RIVN,BTC,night,20251201,20260110,0.0827228776252389,0.0013861317169887
TSM,NQ,morning,20251221,20260120,0.7948800772303942,0.0398648547530186
TSM,NQ,day,20251221,20260120,1.1713444000644344,0.25893515211516
TSM,NQ,night,20251221,20260120,0.1813702456036088,0.0026684292954194
USAR,NQ,morning,20251221,20260120,0.1301140868619489,0.0001148698487865
USAR,NQ,day,20251221,20260120,1.9319254852009893,0.0470323831200145
USAR,NQ,night,20251221,20260120,0.2047003731928243,0.0002511686194426
TSM,BTC,morning,20251221,20260120,0.1090078025911209,0.0036928257683909
TSM,BTC,day,20251221,20260120,0.2018619301524601,0.0413417130300082
TSM,BTC,night,20251221,20260120,-0.0169707225695637,0.0002830958643109
USAR,BTC,morning,20251221,20260120,-0.331717914474774,0.0037218743103668
USAR,BTC,day,20251221,20260120,0.6979712590472752,0.0356797001140744
USAR,BTC,night,20251221,20260120,0.0074141598151335,4.188440876795596e-06
URNM,BTC,morning,20251221,20260120,-0.0810812780040267,0.0003015080436228
URNM,BTC,day,20251221,20260120,0.2676237844477577,0.0233196106103578
URNM,BTC,night,20251221,20260120,2.5996648898591257,0.4613898626013057
URNM,NQ,morning,20251221,20260120,-0.4103958612595748,0.001893858141773
URNM,NQ,day,20251221,20260120,0.8015222355462652,0.0430112850574471
URNM,NQ,night,20251221,20260120,3.066352170358808,0.0304158273202563
EWY,NQ,morning,20251221,20260120,0.3348222852632503,0.0078520020497742
EWY,NQ,day,20251221,20260120,0.793825192772634,0.4920827485494827
EWY,NQ,night,20251221,20260120,1.4216174700560813,0.0054104592966701
EWY,BTC,morning,20251221,20260120,0.1870380253730915,0.0152212343952096
EWY,BTC,day,20251221,20260120,0.1600405022298099,0.1084735831582202
EWY,BTC,night,20251221,20260120,-0.2935374024644842,0.0191612273539836
EWJ,NQ,morning,20251221,20260120,0.7979890535151848,0.0784921104216623
EWJ,NQ,day,20251221,20260120,0.3589960176375074,0.3411236233719115
EWJ,NQ,night,20251221,20260120,4.104405013506717,0.195947216123543
EWJ,BTC,morning,20251221,20260120,0.1570933521514612,0.0122587444580818
EWJ,BTC,day,20251221,20260120,0.0817367898558617,0.097129189056321
EWJ,BTC,night,20251221,20260120,0.6667560228369189,0.2269381309542991
BIRD,BTC,morning,20260221,20260320,0.0,
BIRD,BTC,day,20260221,20260320,0.0081043447213577,5.215468149466496e-06
BIRD,BTC,night,20260221,20260320,-0.0,1.0
BIRD,NQ,morning,20260221,20260320,0.0,
BIRD,NQ,day,20260221,20260320,0.5778056638885962,0.0063666035852041
BIRD,NQ,night,20260221,20260320,0.0,
