2026-05-06,GOLD,time-after-hours
2026-05-13,BABA,time-pre-market
2026-05-20,NVDA,time-after-hours
2026-05-21,ZM,time-after-hours
2026-05-27,MRVL,time-after-hours
2026-05-28,COST,time-after-hours
2026-06-09,GME,time-not-supplied
2026-06-10,ORCL,time-after-hours
2026-06-24,MU,time-after-hours
2026-06-25,BB,time-pre-market
2026-07-16,NFLX,time-after-hours
2026-07-16,TSM,time-pre-market
2026-07-22,GOOGL,time-after-hours
2026-07-22,IBM,time-after-hours
2026-07-22,NOW,time-after-hours
2026-07-22,TSLA,time-after-hours
2026-07-23,BX,time-pre-market
2026-07-23,INTC,time-after-hours
2026-07-23,NOK,time-pre-market
2026-07-28,BE,time-after-hours
2026-07-29,ARM,time-after-hours
2026-07-29,HOOD,time-after-hours
2026-07-29,META,time-after-hours
2026-07-29,MSFT,time-after-hours
2026-07-29,QCOM,time-after-hours
2026-07-30,AAPL,time-after-hours
2026-07-30,AMZN,time-after-hours
2026-07-30,COIN,time-after-hours
2026-07-30,MSTR,time-after-hours
2026-07-30,RIVN,time-after-hours
2026-08-03,PLTR,time-after-hours
2026-08-04,AMD,time-after-hours
2026-08-04,SPCX,time-after-hours
2026-08-05,CRCL,time-pre-market
2026-08-05,EBAY,time-after-hours
2026-08-05,LLY,time-pre-market
2026-08-05,SNDK,time-after-hours
2026-08-05,WDC,time-after-hours
2026-08-06,BIRD,time-not-supplied
2026-08-06,DKNG,time-after-hours
2026-08-06,SHAZ,time-after-hours
2026-08-10,HIMS,time-after-hours
2026-08-10,RKLB,time-after-hours
2026-08-10,USAR,time-not-supplied
2026-08-11,CRWV,time-after-hours
2026-08-11,LITE,time-after-hours
2026-08-11,QNT,time-after-hours
2026-08-12,CBRS,time-after-hours
2026-08-12,NBIS,time-pre-market
2026-08-12,PURR,time-not-supplied
2026-08-13,AMAT,time-after-hours
